datetime,open,high,low,close,volume,date
2023-09-11 16:30:00,3151.89,3180.01,3151.89,3180.01,6459,2023-09-11
2023-09-11 16:35:00,3183.45,3186.79,3176.03,3176.03,2903,2023-09-11
2023-09-11 16:40:00,3174.525,3175.19,3174.505,3175.19,1606,2023-09-11
2023-09-11 16:45:00,3174.56,3177.97,3167.485,3171.15,1880,2023-09-11
2023-09-11 16:50:00,3164.31,3164.31,3157.93,3158.1,3582,2023-09-11
2023-09-11 16:55:00,3158.1,3158.1,3158.1,3158.1,319,2023-09-11
2023-09-11 17:00:00,3149.57,3149.57,3148.19,3148.19,655,2023-09-11
2023-09-11 17:05:00,3155.32,3155.32,3151.52,3151.52,1937,2023-09-11
2023-09-11 17:15:00,3152.96,3152.96,3152.96,3152.96,470,2023-09-11
2023-09-11 17:20:00,3148.01,3151.75,3148,3150.58,2425,2023-09-11
2023-09-11 17:25:00,3154.23,3155,3154.23,3154.6,1452,2023-09-11
2023-09-11 17:35:00,3151,3151,3144.77,3144.77,1176,2023-09-11
2023-09-11 17:40:00,3146.12,3146.96,3146.12,3146.96,625,2023-09-11
2023-09-11 17:45:00,3150.5,3150.5,3150.19,3150.19,772,2023-09-11
2023-09-11 17:50:00,3154.78,3154.78,3154.78,3154.78,1140,2023-09-11
2023-09-11 17:55:00,3149.75,3149.75,3149.75,3149.75,219,2023-09-11
2023-09-11 18:00:00,3146.9,3146.9,3145.96,3145.96,1071,2023-09-11
2023-09-11 18:10:00,3152.64,3152.64,3152.64,3152.64,1081,2023-09-11
2023-09-11 18:25:00,3160.99,3161.85,3158.02,3161.85,1068,2023-09-11
2023-09-11 18:30:00,3158.69,3161.06,3158.69,3161.06,780,2023-09-11
2023-09-11 18:35:00,3157.47,3161.28,3157.47,3161.28,441,2023-09-11
2023-09-11 18:45:00,3160.88,3160.88,3158.175,3158.175,426,2023-09-11
2023-09-11 18:50:00,3157.97,3158.05,3157.96,3158.05,416,2023-09-11
2023-09-11 18:55:00,3155.61,3157.13,3155,3157.13,1137,2023-09-11
2023-09-11 19:00:00,3157.4,3157.4,3157.4,3157.4,309,2023-09-11
2023-09-11 19:05:00,3158.65,3158.65,3158.65,3158.65,991,2023-09-11
2023-09-11 19:10:00,3158.65,3158.65,3158.65,3158.65,333,2023-09-11
2023-09-11 19:15:00,3158.55,3158.55,3158.55,3158.55,250,2023-09-11
2023-09-11 19:35:00,3158.71,3158.71,3156.92,3156.92,844,2023-09-11
2023-09-11 19:45:00,3157.66,3162.05,3157.66,3162.05,2944,2023-09-11
2023-09-11 19:50:00,3163.645,3163.66,3161.43,3161.43,915,2023-09-11
2023-09-11 19:55:00,3164.75,3166.6,3164.72,3166.6,1623,2023-09-11
2023-09-11 20:05:00,3166.32,3166.32,3166.32,3166.32,147,2023-09-11
2023-09-11 20:10:00,3166.88,3168.105,3166.88,3168.105,1356,2023-09-11
2023-09-11 20:15:00,3169.49,3171.785,3169.49,3171.785,1172,2023-09-11
2023-09-11 20:20:00,3173,3175.715,3173,3175.715,1040,2023-09-11
2023-09-11 20:25:00,3174.485,3174.5,3170,3170,3038,2023-09-11
2023-09-11 20:30:00,3171.85,3171.85,3171.85,3171.85,585,2023-09-11
2023-09-11 20:35:00,3175.42,3178.85,3175.42,3178.85,1474,2023-09-11
2023-09-11 20:40:00,3177.335,3179.66,3173.08,3173.08,2222,2023-09-11
2023-09-11 20:50:00,3175.24,3175.24,3175.24,3175.24,214,2023-09-11
2023-09-11 20:55:00,3175.63,3178.369,3175.63,3178.369,1538,2023-09-11
2023-09-11 21:00:00,3174.5815,3174.5815,3174.5815,3174.5815,279,2023-09-11
2023-09-11 21:05:00,3172.59,3172.59,3172.59,3172.59,202,2023-09-11
2023-09-11 21:10:00,3173.36,3174.82,3172.58,3174.82,1132,2023-09-11
2023-09-11 21:15:00,3172.36,3173.11,3172.36,3173.1,970,2023-09-11
2023-09-11 21:20:00,3175.08,3175.08,3175.08,3175.08,179,2023-09-11
2023-09-11 21:25:00,3175.73,3175.73,3175.73,3175.73,240,2023-09-11
2023-09-11 21:30:00,3175.19,3175.19,3175.19,3175.19,304,2023-09-11
2023-09-11 21:35:00,3175.31,3175.31,3175.31,3175.31,338,2023-09-11
2023-09-11 21:40:00,3172.84,3172.84,3172.78,3172.78,590,2023-09-11
2023-09-11 21:45:00,3174.73,3174.73,3174.73,3174.73,137,2023-09-11
2023-09-11 21:50:00,3173.4,3173.4,3172.28,3172.66,961,2023-09-11
2023-09-11 21:55:00,3170.4,3170.4,3170.4,3170.4,713,2023-09-11
2023-09-11 22:10:00,3176.03,3176.03,3173.73,3173.73,518,2023-09-11
2023-09-11 22:20:00,3178.35,3178.35,3177.78,3177.78,898,2023-09-11
2023-09-11 22:25:00,3180.07,3180.07,3176.985,3176.985,1551,2023-09-11
2023-09-11 22:30:00,3176.47,3179.61,3176.47,3179.115,1305,2023-09-11
2023-09-11 22:35:00,3179.88,3179.98,3178.495,3179.98,2831,2023-09-11
2023-09-11 22:40:00,3176.86,3177.585,3176.51,3176.51,948,2023-09-11
2023-09-11 22:45:00,3176.065,3178.78,3176.065,3178.78,1702,2023-09-11
2023-09-11 22:50:00,3176.46,3181.69,3176.46,3180.95,3969,2023-09-11
2023-09-11 22:55:00,3180.42,3184.77,3180.2132,3183.93,14061,2023-09-11
2023-09-11 23:00:00,3182.68,3182.68,3182.68,3182.68,3109,2023-09-11
2023-09-12 16:30:00,3164.19,3175.54,3150.76,3175.54,2468,2023-09-12
2023-09-12 16:35:00,3175,3184.795,3170.56,3184.795,3847,2023-09-12
2023-09-12 16:40:00,3187.72,3191.8,3185.71,3191.8,1681,2023-09-12
2023-09-12 16:45:00,3191.7,3194.81,3190,3190.985,2220,2023-09-12
2023-09-12 16:50:00,3187.66,3188.51,3181.5718,3185.37,3658,2023-09-12
2023-09-12 16:55:00,3187.43,3190.44,3187.43,3190.44,1491,2023-09-12
2023-09-12 17:00:00,3185.85,3190.8031,3185.85,3190.8031,3224,2023-09-12
2023-09-12 17:05:00,3185.28,3185.28,3184.98,3184.98,1271,2023-09-12
2023-09-12 17:10:00,3187.84,3188.92,3187.84,3188.92,222,2023-09-12
2023-09-12 17:15:00,3190,3190.19,3190,3190.19,1353,2023-09-12
2023-09-12 17:20:00,3185.2,3186.14,3182,3182,2681,2023-09-12
2023-09-12 17:25:00,3183.28,3183.28,3183.28,3183.28,220,2023-09-12
2023-09-12 17:30:00,3182,3182,3182,3182,2297,2023-09-12
2023-09-12 17:35:00,3177.03,3177.03,3177.03,3177.03,555,2023-09-12
2023-09-12 17:40:00,3176.8839,3176.8839,3174.295,3174.81,1163,2023-09-12
2023-09-12 17:45:00,3178.35,3181.17,3177.23,3181.17,1731,2023-09-12
2023-09-12 17:50:00,3178.99,3178.99,3178.99,3178.99,429,2023-09-12
2023-09-12 17:55:00,3176.89,3180.88,3176.89,3180.88,1657,2023-09-12
2023-09-12 18:00:00,3182.1,3182.1,3182.1,3182.1,290,2023-09-12
2023-09-12 18:05:00,3185.45,3185.45,3182.42,3182.42,1800,2023-09-12
2023-09-12 18:10:00,3178.9,3178.9,3170.13,3170.13,432,2023-09-12
2023-09-12 18:15:00,3175.88,3175.88,3175.88,3175.88,118,2023-09-12
2023-09-12 18:20:00,3175.95,3176.95,3175.95,3176.9,1310,2023-09-12
2023-09-12 18:25:00,3186.6,3186.6,3179.73,3179.73,639,2023-09-12
2023-09-12 18:30:00,3181.45,3187.14,3181.45,3187.14,515,2023-09-12
2023-09-12 18:35:00,3185.13,3186.69,3185.13,3186.69,739,2023-09-12
2023-09-12 18:40:00,3187.73,3187.73,3186.81,3187.31,1073,2023-09-12
2023-09-12 18:45:00,3183.07,3183.07,3183.07,3183.07,282,2023-09-12
2023-09-12 18:50:00,3181.66,3183.99,3181.66,3183.99,519,2023-09-12
2023-09-12 19:00:00,3187.54,3189.54,3187.235,3187.86,1475,2023-09-12
2023-09-12 19:05:00,3184.815,3184.815,3184.815,3184.815,110,2023-09-12
2023-09-12 19:10:00,3187.77,3187.77,3187.77,3187.77,203,2023-09-12
2023-09-12 19:15:00,3188.6,3188.6,3184.61,3184.61,4071,2023-09-12
2023-09-12 19:20:00,3184.28,3185.38,3181,3184.86,1271,2023-09-12
2023-09-12 19:25:00,3185.92,3187.64,3183.435,3183.435,2000,2023-09-12
2023-09-12 19:30:00,3185.01,3185.01,3185.01,3185.01,371,2023-09-12
2023-09-12 19:35:00,3186.56,3187.7,3186.56,3187.7,1041,2023-09-12
2023-09-12 19:40:00,3189.7,3189.7,3189.69,3189.69,1369,2023-09-12
2023-09-12 19:50:00,3189,3189,3187.84,3187.84,508,2023-09-12
2023-09-12 19:55:00,3186.16,3186.16,3186.16,3186.16,124,2023-09-12
2023-09-12 20:00:00,3187.56,3188.96,3187.56,3188.96,993,2023-09-12
2023-09-12 20:10:00,3189.21,3189.21,3188.82,3188.82,960,2023-09-12
2023-09-12 20:15:00,3190,3190,3190,3190,116,2023-09-12
2023-09-12 20:20:00,3193,3200.43,3193,3200.43,3649,2023-09-12
2023-09-12 20:25:00,3201.95,3201.95,3201.95,3201.95,106,2023-09-12
2023-09-12 20:30:00,3199.39,3199.39,3199.39,3199.39,398,2023-09-12
2023-09-12 20:35:00,3201.6232,3201.6232,3197.74,3197.74,890,2023-09-12
2023-09-12 20:40:00,3197.965,3197.965,3197.38,3197.38,623,2023-09-12
2023-09-12 20:45:00,3191.76,3191.76,3191.76,3191.76,319,2023-09-12
2023-09-12 20:50:00,3189.86,3193.93,3189.86,3193.93,999,2023-09-12
2023-09-12 20:55:00,3190.82,3190.82,3190.82,3190.82,141,2023-09-12
2023-09-12 21:00:00,3188.51,3191.025,3183.99,3191.025,958,2023-09-12
2023-09-12 21:05:00,3190.22,3190.22,3190.22,3190.22,134,2023-09-12
2023-09-12 21:15:00,3180.04,3180.04,3180.04,3180.04,474,2023-09-12
2023-09-12 21:20:00,3180.04,3180.04,3177.605,3178.19,1439,2023-09-12
2023-09-12 21:25:00,3179.56,3180.14,3179.56,3180.14,1171,2023-09-12
2023-09-12 21:30:00,3176.39,3178.16,3176.39,3178.16,281,2023-09-12
2023-09-12 21:35:00,3178.16,3178.16,3178.16,3178.16,216,2023-09-12
2023-09-12 21:40:00,3178.48,3178.48,3178.48,3178.48,255,2023-09-12
2023-09-12 21:45:00,3172.05,3172.05,3168.07,3170.8,1017,2023-09-12
2023-09-12 21:55:00,3165.61,3169.92,3165.61,3169.92,1635,2023-09-12
2023-09-12 22:00:00,3167.37,3167.37,3165.39,3165.39,816,2023-09-12
2023-09-12 22:05:00,3166,3169.71,3165.75,3169.71,2183,2023-09-12
2023-09-12 22:20:00,3167.265,3167.265,3167.08,3167.08,668,2023-09-12
2023-09-12 22:25:00,3165.47,3167.14,3165.47,3167.14,455,2023-09-12
2023-09-12 22:30:00,3167.59,3168.71,3167.59,3168.71,1176,2023-09-12
2023-09-12 22:35:00,3170.275,3170.69,3167.03,3170.06,1992,2023-09-12
2023-09-12 22:40:00,3171.36,3172.95,3171.36,3172.08,1527,2023-09-12
2023-09-12 22:45:00,3170.01,3172.37,3170.01,3172.37,1432,2023-09-12
2023-09-12 22:50:00,3173.74,3177.46,3173.36,3175.72,7669,2023-09-12
2023-09-12 22:55:00,3172.48,3175.63,3171.49,3175.49,15897,2023-09-12
2023-09-12 23:00:00,3173.43,3179,3173.43,3173.43,1497,2023-09-12
2023-09-12 23:10:00,3173.43,3173.43,3173.43,3173.43,1026,2023-09-12
2023-09-13 16:30:00,3167.22,3173.7955,3162.41,3173.7955,3356,2023-09-13
2023-09-13 16:35:00,3168.4,3168.4,3159.025,3159.025,1642,2023-09-13
2023-09-13 16:40:00,3161.27,3162,3150.44,3154.5,3954,2023-09-13
2023-09-13 16:45:00,3151.82,3155.01,3150.07,3151.01,2463,2023-09-13
2023-09-13 16:50:00,3151.74,3151.74,3138.51,3144.19,1875,2023-09-13
2023-09-13 16:55:00,3146.82,3148.81,3146.82,3148.39,1058,2023-09-13
2023-09-13 17:00:00,3145.83,3151.6,3145.83,3151.6,1426,2023-09-13
2023-09-13 17:05:00,3138.29,3140.06,3137.03,3138.42,1867,2023-09-13
2023-09-13 17:10:00,3141.46,3143.09,3137.89,3137.89,2079,2023-09-13
2023-09-13 17:15:00,3137.345,3137.345,3132,3132,2059,2023-09-13
2023-09-13 17:20:00,3135.91,3136.25,3131.135,3132.935,2153,2023-09-13
2023-09-13 17:25:00,3136.38,3136.38,3130.185,3130.49,4325,2023-09-13
2023-09-13 17:30:00,3127.82,3133.89,3126.28,3129.7,8419,2023-09-13
2023-09-13 17:35:00,3131.68,3135.4,3131.68,3135.4,1477,2023-09-13
2023-09-13 17:40:00,3135,3135.62,3135,3135.4,3509,2023-09-13
2023-09-13 17:45:00,3127.53,3128.88,3127.53,3128.88,1113,2023-09-13
2023-09-13 17:50:00,3125,3129.29,3125,3129.29,946,2023-09-13
2023-09-13 17:55:00,3133.29,3135.4,3133.29,3135.4,2050,2023-09-13
2023-09-13 18:00:00,3135.4,3135.4,3135.3,3135.4,2757,2023-09-13
2023-09-13 18:05:00,3142.4,3142.4,3141.84,3141.84,353,2023-09-13
2023-09-13 18:10:00,3144.11,3144.11,3144.11,3144.11,231,2023-09-13
2023-09-13 18:15:00,3142.78,3143.2,3137.37,3137.38,1309,2023-09-13
2023-09-13 18:20:00,3132.34,3137.82,3132.34,3137.82,1325,2023-09-13
2023-09-13 18:25:00,3138.48,3141.91,3136.835,3136.835,1415,2023-09-13
2023-09-13 18:30:00,3136.97,3136.97,3136.97,3136.97,425,2023-09-13
2023-09-13 18:35:00,3133.73,3133.73,3133.73,3133.73,557,2023-09-13
2023-09-13 18:40:00,3135.085,3135.33,3134.115,3135.33,1133,2023-09-13
2023-09-13 18:45:00,3135.74,3136.4,3132.435,3134.53,1970,2023-09-13
2023-09-13 18:50:00,3131.32,3133.955,3125,3127.93,2502,2023-09-13
2023-09-13 18:55:00,3127.9,3130.135,3124.24,3130.135,2355,2023-09-13
2023-09-13 19:00:00,3126.12,3126.12,3126.12,3126.12,273,2023-09-13
2023-09-13 19:05:00,3124.19,3127.51,3122.025,3127.51,1911,2023-09-13
2023-09-13 19:10:00,3127.74,3132.77,3127.51,3131.48,1943,2023-09-13
2023-09-13 19:15:00,3131.17,3131.17,3131.17,3131.17,422,2023-09-13
2023-09-13 19:30:00,3132.35,3132.35,3128.25,3128.25,2006,2023-09-13
2023-09-13 19:35:00,3133.46,3133.46,3131.575,3132.29,861,2023-09-13
2023-09-13 19:40:00,3128.01,3128.79,3127.24,3127.24,1296,2023-09-13
2023-09-13 19:45:00,3125.87,3125.87,3125.87,3125.87,232,2023-09-13
2023-09-13 19:50:00,3132.42,3132.78,3132.42,3132.78,1040,2023-09-13
2023-09-13 20:00:00,3134.16,3137.44,3134.16,3135.585,1904,2023-09-13
2023-09-13 20:05:00,3137.5,3139.28,3137.5,3139.28,207,2023-09-13
2023-09-13 20:10:00,3139.44,3140.45,3139.44,3140.45,535,2023-09-13
2023-09-13 20:15:00,3142.67,3142.67,3139.04,3141.18,1019,2023-09-13
2023-09-13 20:20:00,3141.2,3141.2,3137.83,3137.83,879,2023-09-13
2023-09-13 20:25:00,3141.34,3141.34,3141.34,3141.34,224,2023-09-13
2023-09-13 20:30:00,3139.86,3139.86,3137.09,3137.09,762,2023-09-13
2023-09-13 20:45:00,3141.65,3141.65,3135.98,3140.64,1577,2023-09-13
2023-09-13 20:50:00,3138.82,3139.43,3138.82,3139.43,252,2023-09-13
2023-09-13 20:55:00,3138.295,3138.32,3137.4,3138.32,662,2023-09-13
2023-09-13 21:00:00,3137.2,3137.2,3137.2,3137.2,503,2023-09-13
2023-09-13 21:05:00,3134.1,3134.1,3127.96,3129.59,2488,2023-09-13
2023-09-13 21:10:00,3131.5,3131.5,3131.5,3131.5,295,2023-09-13
2023-09-13 21:20:00,3124.91,3128.285,3124.41,3124.905,4153,2023-09-13
2023-09-13 21:25:00,3128.11,3130.02,3127.93,3129.1,1836,2023-09-13
2023-09-13 21:30:00,3128.59,3128.59,3128.58,3128.58,345,2023-09-13
2023-09-13 21:35:00,3131.3,3132.15,3131.3,3131.57,1770,2023-09-13
2023-09-13 21:40:00,3130.06,3130.06,3126.34,3127.19,1100,2023-09-13
2023-09-13 21:50:00,3123.19,3123.19,3121.11,3121.11,1198,2023-09-13
2023-09-13 21:55:00,3117.15,3119.66,3117.15,3119.66,2622,2023-09-13
2023-09-13 22:00:00,3114.74,3114.74,3109.83,3109.83,1916,2023-09-13
2023-09-13 22:05:00,3115.8,3115.8,3113.44,3113.44,735,2023-09-13
2023-09-13 22:10:00,3114.13,3114.13,3114.13,3114.13,223,2023-09-13
2023-09-13 22:15:00,3117,3118.36,3117,3118.36,1436,2023-09-13
2023-09-13 22:20:00,3118.98,3118.98,3118.98,3118.98,677,2023-09-13
2023-09-13 22:25:00,3122.89,3124.59,3121.71,3121.71,2191,2023-09-13
2023-09-13 22:30:00,3125.33,3125.33,3122.425,3122.89,3437,2023-09-13
2023-09-13 22:35:00,3122.36,3122.36,3119,3119,2620,2023-09-13
2023-09-13 22:40:00,3116.54,3117.94,3115.38,3116.59,3706,2023-09-13
2023-09-13 22:45:00,3116.44,3120.88,3114.545,3120.88,5050,2023-09-13
2023-09-13 22:50:00,3118.63,3118.63,3111.05,3111.08,11428,2023-09-13
2023-09-13 22:55:00,3114.35,3117.11,3114.14,3115.64,26665,2023-09-13
2023-09-13 23:00:00,3115.64,3115.64,3115.64,3115.64,4235,2023-09-13
2023-09-14 15:40:00,3134,3134,3134,3134,236,2023-09-14
2023-09-14 15:45:00,3145,3150,3145,3150,1122,2023-09-14
2023-09-14 16:10:00,3155,3155,3155,3155,2017,2023-09-14
2023-09-14 16:25:00,3174,3174,3174,3174,322,2023-09-14
2023-09-14 16:30:00,3168.74,3168.74,3152.37,3160,10820,2023-09-14
2023-09-14 16:35:00,3161.01,3161.99,3141.23,3141.23,4992,2023-09-14
2023-09-14 16:40:00,3139.13,3143.11,3133.225,3143.11,5024,2023-09-14
2023-09-14 16:45:00,3133.19,3137.81,3133.19,3137.81,1376,2023-09-14
2023-09-14 16:50:00,3137.825,3137.825,3131.615,3131.615,3848,2023-09-14
2023-09-14 16:55:00,3126.7275,3141,3126.7275,3141,5522,2023-09-14
2023-09-14 17:00:00,3137.1,3137.1,3137.1,3137.1,352,2023-09-14
2023-09-14 17:05:00,3137.18,3140.68,3137.18,3140.68,557,2023-09-14
2023-09-14 17:10:00,3135.34,3138.14,3135.34,3138.14,861,2023-09-14
2023-09-14 17:15:00,3138.63,3139.615,3135.685,3135.685,1382,2023-09-14
2023-09-14 17:20:00,3140.86,3141.84,3140.86,3141.84,1284,2023-09-14
2023-09-14 17:25:00,3145.74,3145.74,3144.64,3144.64,1494,2023-09-14
2023-09-14 17:30:00,3146.12,3163.8599,3146.12,3163.8599,3362,2023-09-14
2023-09-14 17:35:00,3156.94,3160.59,3155.17,3159.995,2392,2023-09-14
2023-09-14 17:40:00,3167,3167,3167,3167,1730,2023-09-14
2023-09-14 17:45:00,3177.16,3187.22,3177.16,3183.77,6281,2023-09-14
2023-09-14 17:50:00,3181.6125,3183.3,3180.35,3181.81,2236,2023-09-14
2023-09-14 17:55:00,3184.15,3184.15,3180.7,3183.42,1330,2023-09-14
2023-09-14 18:00:00,3179.91,3183.05,3176.5,3183.05,2321,2023-09-14
2023-09-14 18:05:00,3184.98,3192.9,3184.98,3192.66,3314,2023-09-14
2023-09-14 18:10:00,3190.89,3196.855,3190.43,3194.91,2603,2023-09-14
2023-09-14 18:15:00,3193.43,3193.43,3186.72,3187.86,3768,2023-09-14
2023-09-14 18:25:00,3191.36,3194.62,3189.75,3192.335,2587,2023-09-14
2023-09-14 18:30:00,3192.34,3192.34,3184.815,3184.815,2400,2023-09-14
2023-09-14 18:35:00,3184.1,3185.56,3179.54,3185.56,1638,2023-09-14
2023-09-14 18:45:00,3185.54,3188.25,3185.54,3188.21,2669,2023-09-14
2023-09-14 18:50:00,3196.22,3197.66,3195.51,3197.66,1521,2023-09-14
2023-09-14 18:55:00,3197.66,3202.74,3197.66,3202.74,2952,2023-09-14
2023-09-14 19:00:00,3198.9,3200,3198.9,3200,792,2023-09-14
2023-09-14 19:05:00,3203,3204.32,3203,3204.32,1860,2023-09-14
2023-09-14 19:10:00,3206.84,3208.56,3206.84,3208.56,1258,2023-09-14
2023-09-14 19:15:00,3212.31,3212.66,3210.26,3210.72,2367,2023-09-14
2023-09-14 19:20:00,3208.265,3208.345,3207.345,3208.345,1120,2023-09-14
2023-09-14 19:25:00,3204.715,3209.93,3204.405,3209.93,1840,2023-09-14
2023-09-14 19:30:00,3208.06,3208.06,3208.06,3208.06,253,2023-09-14
2023-09-14 19:35:00,3206.9874,3206.9874,3206.9874,3206.9874,930,2023-09-14
2023-09-14 19:40:00,3209.31,3210.87,3208.485,3208.485,1897,2023-09-14
2023-09-14 19:45:00,3214.21,3216,3214.21,3216,1121,2023-09-14
2023-09-14 19:50:00,3216.75,3219.44,3216.75,3219.44,2789,2023-09-14
2023-09-14 19:55:00,3219.96,3221.86,3216.575,3216.575,5152,2023-09-14
2023-09-14 20:00:00,3216.685,3216.685,3216.685,3216.685,129,2023-09-14
2023-09-14 20:05:00,3220.14,3220.14,3219.12,3219.12,2194,2023-09-14
2023-09-14 20:10:00,3222,3222,3221.26,3221.26,675,2023-09-14
2023-09-14 20:15:00,3221,3221.625,3221,3221.625,759,2023-09-14
2023-09-14 20:20:00,3221.7,3221.7899,3219.83,3219.83,1173,2023-09-14
2023-09-14 20:25:00,3219.312,3220.45,3219.312,3220.45,2312,2023-09-14
2023-09-14 20:30:00,3220.855,3226.39,3220.66,3221.6,4471,2023-09-14
2023-09-14 20:35:00,3222.89,3226.57,3221.69,3221.69,1155,2023-09-14
2023-09-14 20:40:00,3221.83,3223.84,3219.645,3219.645,2301,2023-09-14
2023-09-14 20:45:00,3216.03,3217.555,3214.3325,3216.19,1494,2023-09-14
2023-09-14 20:50:00,3214.06,3214.06,3209.475,3209.475,1240,2023-09-14
2023-09-14 21:00:00,3207.175,3209.96,3207,3208.74,1968,2023-09-14
2023-09-14 21:05:00,3206.56,3206.56,3202.98,3202.98,1245,2023-09-14
2023-09-14 21:10:00,3203.715,3204,3202.455,3202.455,1594,2023-09-14
2023-09-14 21:15:00,3202.3,3202.3,3202.3,3202.3,441,2023-09-14
2023-09-14 21:20:00,3200.33,3202.47,3200.295,3200.79,2141,2023-09-14
2023-09-14 21:25:00,3200.28,3201.05,3197.29,3197.29,3164,2023-09-14
2023-09-14 21:30:00,3196,3196,3194.365,3194.385,965,2023-09-14
2023-09-14 21:35:00,3194.8275,3200.95,3194.8275,3200.95,4550,2023-09-14
2023-09-14 21:40:00,3204.24,3204.24,3201.5,3201.5,2586,2023-09-14
2023-09-14 21:45:00,3199.955,3199.955,3199.955,3199.955,297,2023-09-14
2023-09-14 21:50:00,3195.55,3195.895,3194.66,3195.895,1188,2023-09-14
2023-09-14 21:55:00,3196.16,3196.16,3195.905,3196.03,827,2023-09-14
2023-09-14 22:00:00,3196.285,3197.52,3195.895,3197.52,1911,2023-09-14
2023-09-14 22:05:00,3193.52,3198.08,3193.52,3195.9,1058,2023-09-14
2023-09-14 22:10:00,3196.115,3196.115,3196.115,3196.115,283,2023-09-14
2023-09-14 22:15:00,3195.385,3195.385,3195.145,3195.145,569,2023-09-14
2023-09-14 22:20:00,3193.3225,3195.13,3193.02,3193.02,1903,2023-09-14
2023-09-14 22:25:00,3192.735,3192.735,3192.735,3192.735,667,2023-09-14
2023-09-14 22:30:00,3192.02,3192.73,3189.99,3189.99,1989,2023-09-14
2023-09-14 22:35:00,3186.3,3191.72,3186.295,3191.72,3005,2023-09-14
2023-09-14 22:40:00,3192.46,3193.17,3191.53,3191.53,3319,2023-09-14
2023-09-14 22:45:00,3188.89,3189.775,3188.57,3189.775,2430,2023-09-14
2023-09-14 22:50:00,3191.605,3192.01,3188.9,3191.325,5774,2023-09-14
2023-09-14 22:55:00,3194.19,3200.36,3194.19,3199.77,22045,2023-09-14
2023-09-14 23:00:00,3197.56,3197.56,3197.56,3197.56,1929,2023-09-14
2023-09-14 23:10:00,3197.56,3197.56,3197.56,3197.56,117,2023-09-14
2023-09-15 16:25:00,3166.9,3202.08,3166.9,3202.08,1611,2023-09-15
2023-09-15 16:30:00,3200.75,3212.39,3196.715,3208.04,55561,2023-09-15
2023-09-15 16:35:00,3204.62,3206.2225,3195.7801,3197.14,2799,2023-09-15
2023-09-15 16:40:00,3196.17,3196.17,3188.27,3188.27,2404,2023-09-15
2023-09-15 16:45:00,3188.0875,3207.95,3185.13,3207.95,5986,2023-09-15
2023-09-15 16:50:00,3207.34,3209.935,3207.34,3209.935,775,2023-09-15
2023-09-15 16:55:00,3205.51,3212.585,3204.47,3204.47,3632,2023-09-15
2023-09-15 17:00:00,3202.88,3204.3646,3202.88,3204.3646,2019,2023-09-15
2023-09-15 17:05:00,3204.74,3213.415,3204.74,3210.38,4122,2023-09-15
2023-09-15 17:10:00,3214.89,3216.67,3214.89,3216.67,2044,2023-09-15
2023-09-15 17:15:00,3205.09,3214.66,3203.06,3214.66,3650,2023-09-15
2023-09-15 17:20:00,3213.49,3217.38,3213.49,3215.16,3014,2023-09-15
2023-09-15 17:25:00,3206.92,3207.12,3201.67,3206.845,2730,2023-09-15
2023-09-15 17:30:00,3205.1,3211.825,3203.4,3211.825,5185,2023-09-15
2023-09-15 17:35:00,3213.29,3216.93,3209.995,3209.995,1706,2023-09-15
2023-09-15 17:40:00,3211.2,3211.2,3202.93,3202.93,1832,2023-09-15
2023-09-15 17:45:00,3197.32,3200.235,3197.32,3198.18,2507,2023-09-15
2023-09-15 17:50:00,3193.22,3193.22,3182.57,3186.37,2098,2023-09-15
2023-09-15 17:55:00,3183.89,3186.26,3183.89,3186.26,391,2023-09-15
2023-09-15 18:00:00,3183.89,3183.89,3182.9,3182.9,1078,2023-09-15
2023-09-15 18:05:00,3188.29,3188.72,3188.29,3188.72,1031,2023-09-15
2023-09-15 18:10:00,3186.77,3187.55,3184.89,3184.89,1358,2023-09-15
2023-09-15 18:15:00,3184.24,3185.6,3184.24,3185.6,603,2023-09-15
2023-09-15 18:20:00,3185.265,3186.95,3184.925,3186.95,3585,2023-09-15
2023-09-15 18:25:00,3185.37,3185.37,3179.575,3179.575,2032,2023-09-15
2023-09-15 18:30:00,3179.57,3182.12,3176.67,3179.31,3402,2023-09-15
2023-09-15 18:35:00,3178.18,3178.18,3177.66,3177.66,470,2023-09-15
2023-09-15 18:40:00,3177.43,3181.1,3177.43,3181.1,1189,2023-09-15
2023-09-15 18:45:00,3175.76,3178.84,3175.76,3178.64,1179,2023-09-15
2023-09-15 18:50:00,3179.36,3182.36,3176.85,3177.715,1295,2023-09-15
2023-09-15 18:55:00,3175.98,3179.61,3175.98,3179.61,1258,2023-09-15
2023-09-15 19:00:00,3180.55,3180.55,3180.55,3180.55,359,2023-09-15
2023-09-15 19:05:00,3178.96,3179.02,3177.715,3177.715,1069,2023-09-15
2023-09-15 19:10:00,3178.37,3181.06,3177.24,3179.54,2356,2023-09-15
2023-09-15 19:15:00,3181.24,3183.11,3181.24,3183.11,1598,2023-09-15
2023-09-15 19:20:00,3184.065,3185.94,3184.065,3184.685,1041,2023-09-15
2023-09-15 19:25:00,3184.16,3184.16,3184.16,3184.16,254,2023-09-15
2023-09-15 19:30:00,3180.55,3182.54,3180.55,3181.84,1210,2023-09-15
2023-09-15 19:35:00,3181.02,3184.7,3181.02,3184.02,2589,2023-09-15
2023-09-15 19:40:00,3184.26,3184.6,3184.09,3184.6,723,2023-09-15
2023-09-15 19:45:00,3185.635,3185.635,3185.16,3185.16,868,2023-09-15
2023-09-15 19:50:00,3187.37,3188.49,3187.37,3188.4,1514,2023-09-15
2023-09-15 20:00:00,3186.04,3186.04,3186.04,3186.04,259,2023-09-15
2023-09-15 20:05:00,3179.255,3179.255,3179.255,3179.255,233,2023-09-15
2023-09-15 20:10:00,3177.3725,3177.56,3177.3725,3177.56,410,2023-09-15
2023-09-15 20:15:00,3176.07,3176.07,3176.07,3176.07,618,2023-09-15
2023-09-15 20:20:00,3171,3175.765,3168.89,3170.52,2112,2023-09-15
2023-09-15 20:25:00,3166.18,3169.285,3166.18,3167.32,1030,2023-09-15
2023-09-15 20:30:00,3166.61,3166.68,3160.04,3165.28,3847,2023-09-15
2023-09-15 20:35:00,3161.51,3161.51,3161.51,3161.51,823,2023-09-15
2023-09-15 20:40:00,3163.76,3170.17,3163.76,3170.17,2539,2023-09-15
2023-09-15 20:45:00,3167.81,3167.81,3167.81,3167.81,337,2023-09-15
2023-09-15 20:50:00,3167.57,3167.57,3167.57,3167.57,437,2023-09-15
2023-09-15 21:00:00,3166.08,3167.855,3166.08,3167.855,875,2023-09-15
2023-09-15 21:05:00,3165.5,3165.5,3165.5,3165.5,951,2023-09-15
2023-09-15 21:15:00,3160.38,3160.38,3160,3160,625,2023-09-15
2023-09-15 21:20:00,3161.27,3163.27,3160.37,3160.37,1813,2023-09-15
2023-09-15 21:25:00,3163.76,3163.76,3163.76,3163.76,189,2023-09-15
2023-09-15 21:30:00,3162.95,3162.95,3162.95,3162.95,211,2023-09-15
2023-09-15 21:35:00,3161.165,3161.165,3161.165,3161.165,371,2023-09-15
2023-09-15 21:40:00,3164.35,3164.51,3164.35,3164.51,726,2023-09-15
2023-09-15 21:45:00,3163.04,3163.04,3161.72,3161.72,428,2023-09-15
2023-09-15 21:50:00,3163.655,3163.655,3156.3,3156.3,3186,2023-09-15
2023-09-15 21:55:00,3156.195,3158.03,3155.2,3156.81,4089,2023-09-15
2023-09-15 22:00:00,3157.77,3157.77,3157.62,3157.62,668,2023-09-15
2023-09-15 22:05:00,3155,3155,3153.64,3155,2286,2023-09-15
2023-09-15 22:10:00,3155.93,3158.18,3155.13,3156.53,2951,2023-09-15
2023-09-15 22:15:00,3158.19,3160.43,3158.19,3160.43,2466,2023-09-15
2023-09-15 22:20:00,3160.97,3160.97,3159.27,3159.27,915,2023-09-15
2023-09-15 22:25:00,3159.37,3160.21,3158.86,3158.86,1548,2023-09-15
2023-09-15 22:30:00,3160.48,3162.465,3155.94,3155.94,4454,2023-09-15
2023-09-15 22:35:00,3150.13,3155.67,3150.13,3155.67,4440,2023-09-15
2023-09-15 22:40:00,3151.95,3151.95,3151.95,3151.95,505,2023-09-15
2023-09-15 22:45:00,3153.8,3155.51,3150.07,3150.07,6715,2023-09-15
2023-09-15 22:50:00,3151.81,3158.135,3144.27,3146.35,29506,2023-09-15
2023-09-15 22:55:00,3150.79,3163.865,3149.83,3160.43,20025,2023-09-15
2023-09-15 23:00:00,3160.15,3160.15,3160.15,3160.15,38462,2023-09-15
2023-09-15 23:05:00,3160.15,3160.15,3160.15,3160.15,26011,2023-09-15
2023-09-15 23:45:00,3162.1,3162.1,3162.1,3162.1,1000,2023-09-15
2023-09-16 00:05:00,3160.15,3160.15,3160.15,3160.15,161,2023-09-15
2023-09-18 16:30:00,3154,3159.37,3145.06,3159.37,3791,2023-09-18
2023-09-18 16:35:00,3166.42,3174.54,3166.42,3174.54,1040,2023-09-18
2023-09-18 16:40:00,3170.67,3174.98,3170.67,3174.98,1515,2023-09-18
2023-09-18 16:45:00,3184,3190.49,3180.97,3190.49,3787,2023-09-18
2023-09-18 16:50:00,3190.495,3203.18,3190.495,3203.18,3345,2023-09-18
2023-09-18 16:55:00,3191.08,3192.65,3181.535,3192.65,1546,2023-09-18
2023-09-18 17:00:00,3192.91,3192.91,3192.91,3192.91,635,2023-09-18
2023-09-18 17:05:00,3194.88,3197.97,3193.07,3193.57,2022,2023-09-18
2023-09-18 17:10:00,3193.84,3197.02,3193.365,3193.78,3778,2023-09-18
2023-09-18 17:15:00,3193.865,3197.02,3193.865,3193.91,3528,2023-09-18
2023-09-18 17:20:00,3193.045,3194.105,3190.095,3190.095,2470,2023-09-18
2023-09-18 17:25:00,3192.185,3192.185,3189.24,3192.11,804,2023-09-18
2023-09-18 17:30:00,3191.62,3197.115,3191.62,3195.0242,3372,2023-09-18
2023-09-18 17:35:00,3193.635,3193.635,3184.8301,3187.72,1381,2023-09-18
2023-09-18 17:40:00,3187.485,3190.54,3187.485,3190.54,1229,2023-09-18
2023-09-18 17:45:00,3191.04,3197.42,3191.04,3195.71,826,2023-09-18
2023-09-18 17:50:00,3194.85,3194.85,3194.85,3194.85,606,2023-09-18
2023-09-18 17:55:00,3198.31,3200.805,3198,3200.805,3562,2023-09-18
2023-09-18 18:05:00,3193.995,3195.91,3193.995,3195.91,497,2023-09-18
2023-09-18 18:10:00,3193.38,3193.38,3186.11,3186.11,1165,2023-09-18
2023-09-18 18:15:00,3193.89,3193.89,3193.15,3193.15,940,2023-09-18
2023-09-18 18:20:00,3196.17,3197.77,3196.17,3196.17,2575,2023-09-18
2023-09-18 18:25:00,3191.74,3191.74,3191.74,3191.74,307,2023-09-18
2023-09-18 18:30:00,3194.18,3200,3194.18,3196.74,2639,2023-09-18
2023-09-18 18:35:00,3192.7,3196.12,3192.7,3192.83,955,2023-09-18
2023-09-18 18:40:00,3193.94,3193.94,3193.94,3193.94,213,2023-09-18
2023-09-18 18:45:00,3194.465,3194.465,3194.465,3194.465,121,2023-09-18
2023-09-18 18:50:00,3193.65,3193.65,3193.65,3193.65,108,2023-09-18
2023-09-18 18:55:00,3190.46,3192.14,3190.31,3192.08,1548,2023-09-18
2023-09-18 19:00:00,3193,3193,3193,3193,488,2023-09-18
2023-09-18 19:05:00,3186.68,3188.875,3186.68,3188.875,837,2023-09-18
2023-09-18 19:10:00,3188.87,3189.18,3183.53,3183.53,2108,2023-09-18
2023-09-18 19:20:00,3175.44,3181.54,3175.44,3181.54,2428,2023-09-18
2023-09-18 19:25:00,3180.46,3182.8175,3172.44,3172.53,3033,2023-09-18
2023-09-18 19:30:00,3175.51,3175.51,3175.51,3175.51,314,2023-09-18
2023-09-18 19:35:00,3177.45,3180.28,3176.175,3180.28,1978,2023-09-18
2023-09-18 19:40:00,3177.695,3180.23,3173.94,3180.23,485,2023-09-18
2023-09-18 19:45:00,3179.12,3181.85,3179.12,3181.85,313,2023-09-18
2023-09-18 19:55:00,3177.31,3178.46,3177.31,3178.46,871,2023-09-18
2023-09-18 20:00:00,3177.77,3177.77,3177.75,3177.75,441,2023-09-18
2023-09-18 20:05:00,3175.75,3175.75,3172.58,3173.215,1590,2023-09-18
2023-09-18 20:10:00,3175.62,3178.41,3173.24,3178.41,3994,2023-09-18
2023-09-18 20:15:00,3173.99,3175.645,3173.99,3175.63,1304,2023-09-18
2023-09-18 20:25:00,3171.725,3173.23,3166.9,3166.9,4226,2023-09-18
2023-09-18 20:30:00,3167.175,3168.67,3166.095,3168.67,1595,2023-09-18
2023-09-18 20:40:00,3167.85,3167.85,3167.85,3167.85,165,2023-09-18
2023-09-18 20:50:00,3165.6,3168.645,3165.6,3167.91,987,2023-09-18
2023-09-18 20:55:00,3163,3172.28,3163,3172.28,2215,2023-09-18
2023-09-18 21:00:00,3172.49,3173.965,3168.55,3168.55,1093,2023-09-18
2023-09-18 21:05:00,3170.075,3170.075,3165.01,3165.01,367,2023-09-18
2023-09-18 21:10:00,3166.05,3166.05,3166.05,3166.05,142,2023-09-18
2023-09-18 21:15:00,3172.13,3172.13,3168.76,3169.87,1750,2023-09-18
2023-09-18 21:20:00,3169.59,3170.75,3169.59,3170.75,446,2023-09-18
2023-09-18 21:25:00,3167.695,3171.53,3167.695,3171.395,1386,2023-09-18
2023-09-18 21:30:00,3170,3170.415,3169.415,3170.415,2292,2023-09-18
2023-09-18 21:35:00,3172.685,3175.255,3171.635,3175.255,2836,2023-09-18
2023-09-18 21:40:00,3173.37,3173.37,3173.37,3173.37,138,2023-09-18
2023-09-18 21:50:00,3169.36,3169.36,3169.36,3169.36,383,2023-09-18
2023-09-18 21:55:00,3164.955,3165.41,3164.955,3165.41,876,2023-09-18
2023-09-18 22:00:00,3161.7,3161.7,3156.69,3160.59,2265,2023-09-18
2023-09-18 22:05:00,3156.36,3156.36,3156.36,3156.36,628,2023-09-18
2023-09-18 22:10:00,3157.08,3157.79,3152.6201,3155.18,4021,2023-09-18
2023-09-18 22:15:00,3153.64,3153.64,3153.64,3153.64,974,2023-09-18
2023-09-18 22:20:00,3148.98,3150.375,3148.64,3150.375,911,2023-09-18
2023-09-18 22:25:00,3150.35,3155.17,3150.35,3155.17,2865,2023-09-18
2023-09-18 22:30:00,3156.675,3156.9575,3154.41,3154.8,3498,2023-09-18
2023-09-18 22:35:00,3154.87,3154.87,3154.04,3154.04,317,2023-09-18
2023-09-18 22:40:00,3150.73,3151.39,3150.73,3151.39,545,2023-09-18
2023-09-18 22:45:00,3148.95,3152.83,3148.95,3152.77,3614,2023-09-18
2023-09-18 22:50:00,3151.28,3152.14,3146.04,3146.04,9539,2023-09-18
2023-09-18 22:55:00,3147.145,3158.51,3147.145,3158.33,20172,2023-09-18
2023-09-18 23:00:00,3158.33,3158.33,3158.33,3158.33,2029,2023-09-18
2023-09-19 16:25:00,3139.69,3139.69,3139.69,3139.69,128,2023-09-19
2023-09-19 16:30:00,3131.98,3140.73,3131.56,3131.56,5114,2023-09-19
2023-09-19 16:35:00,3130.01,3135.95,3130.01,3130.13,4257,2023-09-19
2023-09-19 16:40:00,3128,3137.92,3128,3130,6271,2023-09-19
2023-09-19 16:45:00,3124.19,3125,3107.7,3107.7,4527,2023-09-19
2023-09-19 16:50:00,3107.15,3113.78,3107.15,3109.85,3515,2023-09-19
2023-09-19 16:55:00,3110.12,3110.12,3098.01,3100.52,4180,2023-09-19
2023-09-19 17:00:00,3101.78,3101.78,3094.11,3094.11,4707,2023-09-19
2023-09-19 17:05:00,3095.96,3096.69,3094.3201,3094.3201,1414,2023-09-19
2023-09-19 17:10:00,3103.05,3105.09,3103.05,3105.09,1935,2023-09-19
2023-09-19 17:15:00,3100.1101,3113.83,3100.1101,3113.83,1850,2023-09-19
2023-09-19 17:20:00,3113.9,3116.54,3113.895,3115.1129,979,2023-09-19
2023-09-19 17:25:00,3113.115,3113.7,3110,3110.975,3547,2023-09-19
2023-09-19 17:30:00,3110.92,3113.95,3109.98,3113.01,1759,2023-09-19
2023-09-19 17:35:00,3113.54,3114.36,3113.54,3114.36,568,2023-09-19
2023-09-19 17:40:00,3106.54,3106.54,3104.57,3104.57,1983,2023-09-19
2023-09-19 17:45:00,3105.15,3105.15,3103.49,3103.565,1531,2023-09-19
2023-09-19 17:50:00,3099.52,3099.52,3099.52,3099.52,557,2023-09-19
2023-09-19 17:55:00,3099.79,3099.79,3094.265,3095.015,5165,2023-09-19
2023-09-19 18:00:00,3094.555,3094.555,3092.52,3092.52,1862,2023-09-19
2023-09-19 18:05:00,3093.1,3099.495,3093.1,3099.495,1699,2023-09-19
2023-09-19 18:10:00,3100.325,3100.325,3100.325,3100.325,823,2023-09-19
2023-09-19 18:15:00,3102.325,3102.92,3098.99,3099.16,2512,2023-09-19
2023-09-19 18:20:00,3101.795,3101.795,3098.575,3100.43,2195,2023-09-19
2023-09-19 18:25:00,3099.35,3100.64,3099.35,3099.89,1311,2023-09-19
2023-09-19 18:30:00,3104.87,3106.375,3103.85,3104.65,2038,2023-09-19
2023-09-19 18:35:00,3107.7082,3107.7082,3106.02,3106.13,1011,2023-09-19
2023-09-19 18:40:00,3106.23,3106.23,3106.23,3106.23,159,2023-09-19
2023-09-19 18:45:00,3105.39,3105.39,3103.02,3103.11,835,2023-09-19
2023-09-19 18:50:00,3104.54,3109.55,3104.54,3109.55,2178,2023-09-19
2023-09-19 18:55:00,3112.16,3112.16,3112.16,3112.16,537,2023-09-19
2023-09-19 19:00:00,3112.61,3115.9799,3109.03,3112.445,1522,2023-09-19
2023-09-19 19:05:00,3111.42,3111.42,3109.32,3109.575,999,2023-09-19
2023-09-19 19:10:00,3110.495,3110.51,3110.49,3110.49,683,2023-09-19
2023-09-19 19:15:00,3110.71,3114.86,3110.71,3114.86,2579,2023-09-19
2023-09-19 19:20:00,3111.355,3114.395,3111.355,3114.395,651,2023-09-19
2023-09-19 19:25:00,3110.915,3110.915,3107.03,3108.04,1068,2023-09-19
2023-09-19 19:30:00,3105.915,3109.96,3105.915,3109.96,1638,2023-09-19
2023-09-19 19:35:00,3112.5,3112.5,3107.83,3110.02,1427,2023-09-19
2023-09-19 19:45:00,3111.015,3111.015,3109.16,3110,1312,2023-09-19
2023-09-19 19:50:00,3105.905,3105.905,3104.32,3104.32,1444,2023-09-19
2023-09-19 19:55:00,3107.23,3109.3,3106.94,3108.19,1536,2023-09-19
2023-09-19 20:00:00,3104.67,3104.67,3104.67,3104.67,279,2023-09-19
2023-09-19 20:05:00,3108.07,3108.07,3108.07,3108.07,206,2023-09-19
2023-09-19 20:10:00,3108.3,3108.3,3108.3,3108.3,202,2023-09-19
2023-09-19 20:15:00,3108.965,3112.5,3108.965,3109.935,5498,2023-09-19
2023-09-19 20:20:00,3109.935,3109.935,3106.52,3106.52,659,2023-09-19
2023-09-19 20:25:00,3109.93,3109.93,3109.93,3109.93,286,2023-09-19
2023-09-19 20:30:00,3111.58,3111.58,3104.655,3106.42,3503,2023-09-19
2023-09-19 20:35:00,3105.32,3105.32,3105.32,3105.32,306,2023-09-19
2023-09-19 20:40:00,3105.915,3108.885,3105.915,3106.665,3207,2023-09-19
2023-09-19 20:45:00,3107.385,3107.385,3105.635,3105.65,797,2023-09-19
2023-09-19 20:50:00,3106,3106.57,3099.4,3101.51,10710,2023-09-19
2023-09-19 20:55:00,3100.985,3100.985,3094.79,3098.88,26996,2023-09-19
2023-09-19 21:00:00,3098.43,3100.95,3098.43,3100.95,631,2023-09-19
2023-09-19 21:05:00,3099.44,3104.76,3099.44,3102.13,1857,2023-09-19
2023-09-19 21:15:00,3102.625,3102.625,3102.48,3102.62,972,2023-09-19
2023-09-19 21:20:00,3100.51,3100.51,3100.51,3100.51,932,2023-09-19
2023-09-19 21:30:00,3098.83,3100.46,3098.83,3098.93,1052,2023-09-19
2023-09-19 21:35:00,3099.035,3102.12,3099.035,3101.01,3742,2023-09-19
2023-09-19 21:40:00,3102.57,3102.57,3100.71,3100.71,306,2023-09-19
2023-09-19 21:45:00,3101.02,3101.02,3097.63,3097.63,1319,2023-09-19
2023-09-19 21:55:00,3097.82,3097.82,3097.82,3097.82,635,2023-09-19
2023-09-19 22:00:00,3095,3096.4,3093.76,3095.27,3376,2023-09-19
2023-09-19 22:05:00,3093.965,3095.11,3091.68,3094.555,1436,2023-09-19
2023-09-19 22:10:00,3093.105,3094.07,3091.11,3093.13,3100,2023-09-19
2023-09-19 22:15:00,3092.84,3093.86,3092.84,3093.86,919,2023-09-19
2023-09-19 22:20:00,3092.46,3095.225,3092.46,3095.225,3790,2023-09-19
2023-09-19 22:25:00,3096.54,3099.97,3095.22,3097.41,1889,2023-09-19
2023-09-19 22:30:00,3100.915,3104.855,3100.915,3104.855,7323,2023-09-19
2023-09-19 22:35:00,3104.85,3110.26,3104.85,3110.26,3286,2023-09-19
2023-09-19 22:40:00,3108.31,3111.7,3108.31,3111.7,4398,2023-09-19
2023-09-19 22:45:00,3110.81,3110.81,3106.01,3106.01,3706,2023-09-19
2023-09-19 22:50:00,3108.47,3109.61,3104.31,3107.19,9865,2023-09-19
2023-09-19 22:55:00,3111.14,3113.77,3108.375,3108.62,17934,2023-09-19
2023-09-19 23:00:00,3112.75,3112.75,3112.75,3112.75,1758,2023-09-19
2023-09-19 23:05:00,3112.75,3112.75,3112.75,3112.75,500,2023-09-19
2023-09-20 16:30:00,3134.91,3134.91,3130.81,3130.81,2177,2023-09-20
2023-09-20 16:35:00,3127.6,3127.6,3123.82,3123.82,1637,2023-09-20
2023-09-20 16:45:00,3128.72,3131.18,3126.31,3126.31,2217,2023-09-20
2023-09-20 16:50:00,3127.62,3130.74,3127.62,3130.74,418,2023-09-20
2023-09-20 16:55:00,3130.785,3131.075,3127.73,3127.73,2564,2023-09-20
2023-09-20 17:00:00,3118.67,3118.67,3118.67,3118.67,308,2023-09-20
2023-09-20 17:05:00,3117,3117,3110.02,3110.26,1796,2023-09-20
2023-09-20 17:10:00,3112.71,3117,3112.71,3113.15,3208,2023-09-20
2023-09-20 17:15:00,3111.33,3111.54,3111.33,3111.54,433,2023-09-20
2023-09-20 17:20:00,3120,3121.37,3119.34,3119.49,2270,2023-09-20
2023-09-20 17:25:00,3118.7,3118.7,3118.7,3118.7,694,2023-09-20
2023-09-20 17:30:00,3125.68,3125.68,3124,3124,1235,2023-09-20
2023-09-20 17:35:00,3118.7,3118.7,3118.7,3118.7,708,2023-09-20
2023-09-20 17:45:00,3117.54,3117.54,3115.545,3115.545,700,2023-09-20
2023-09-20 17:50:00,3118.19,3118.19,3118.19,3118.19,399,2023-09-20
2023-09-20 17:55:00,3115.08,3118.33,3115.08,3117,1921,2023-09-20
2023-09-20 18:05:00,3117.81,3117.81,3117.51,3117.51,799,2023-09-20
2023-09-20 18:10:00,3119.19,3119.19,3117.88,3117.88,307,2023-09-20
2023-09-20 18:20:00,3112,3113.79,3111.18,3111.18,2164,2023-09-20
2023-09-20 18:35:00,3111.6,3111.6,3107.78,3108,1359,2023-09-20
2023-09-20 18:40:00,3108.7,3108.7,3108.7,3108.7,190,2023-09-20
2023-09-20 18:45:00,3106,3107.14,3105.8,3105.8,815,2023-09-20
2023-09-20 18:50:00,3110.29,3110.31,3106.18,3108.23,2685,2023-09-20
2023-09-20 18:55:00,3112.92,3112.92,3111.055,3111.055,524,2023-09-20
2023-09-20 19:00:00,3109.94,3111.64,3109.3624,3109.3624,1158,2023-09-20
2023-09-20 19:05:00,3111.35,3111.67,3110.76,3111.64,1112,2023-09-20
2023-09-20 19:10:00,3114.22,3114.22,3111.925,3114.205,882,2023-09-20
2023-09-20 19:15:00,3113.22,3113.22,3113.22,3113.22,160,2023-09-20
2023-09-20 19:25:00,3114.22,3114.77,3114.22,3114.77,1119,2023-09-20
2023-09-20 19:30:00,3114.38,3114.38,3114.38,3114.38,271,2023-09-20
2023-09-20 19:45:00,3112.825,3113.09,3112.825,3113.09,353,2023-09-20
2023-09-20 19:50:00,3112.08,3114.205,3112.08,3114.205,434,2023-09-20
2023-09-20 19:55:00,3114.16,3114.805,3114.16,3114.805,597,2023-09-20
2023-09-20 20:00:00,3112.76,3112.76,3112.76,3112.76,190,2023-09-20
2023-09-20 20:05:00,3112.81,3113.07,3112.11,3113.07,1510,2023-09-20
2023-09-20 20:10:00,3114.16,3114.16,3114.16,3114.16,133,2023-09-20
2023-09-20 20:15:00,3113.39,3113.39,3113.39,3113.39,167,2023-09-20
2023-09-20 20:20:00,3113.16,3113.16,3109.2,3110.72,2276,2023-09-20
2023-09-20 20:25:00,3110.9199,3113.34,3110.9199,3113.34,841,2023-09-20
2023-09-20 20:30:00,3111.47,3111.47,3111.47,3111.47,179,2023-09-20
2023-09-20 20:40:00,3109.91,3111.795,3109.91,3111.795,393,2023-09-20
2023-09-20 20:50:00,3110.11,3112.485,3108.76,3108.76,1933,2023-09-20
2023-09-20 20:55:00,3110.11,3111,3107.4894,3107.4894,1528,2023-09-20
2023-09-20 21:00:00,3103.3099,3103.3099,3103.3099,3103.3099,169,2023-09-20
2023-09-20 21:05:00,3100,3101.7728,3095.6696,3101.7728,1160,2023-09-20
2023-09-20 21:10:00,3100,3100,3100,3100,314,2023-09-20
2023-09-20 21:15:00,3099,3099,3099,3099,131,2023-09-20
2023-09-20 21:20:00,3099.07,3101.72,3098.285,3101.72,1703,2023-09-20
2023-09-20 21:25:00,3102.015,3102.015,3100.525,3100.525,1285,2023-09-20
2023-09-20 21:30:00,3100.465,3111.54,3100.465,3110.42,3316,2023-09-20
2023-09-20 21:35:00,3117.2399,3117.2399,3106.14,3106.14,1554,2023-09-20
2023-09-20 21:40:00,3104.2601,3105.47,3100.69,3100.69,1439,2023-09-20
2023-09-20 21:45:00,3105.385,3105.385,3103.49,3103.49,1245,2023-09-20
2023-09-20 21:50:00,3098,3099,3098,3099,2293,2023-09-20
2023-09-20 21:55:00,3101.95,3101.95,3098,3098,465,2023-09-20
2023-09-20 22:00:00,3092.585,3092.585,3085.916,3085.916,4363,2023-09-20
2023-09-20 22:05:00,3090,3090,3090,3090,192,2023-09-20
2023-09-20 22:10:00,3087.33,3087.34,3082.1,3084.07,1871,2023-09-20
2023-09-20 22:15:00,3086.11,3086.11,3080.36,3080.36,1485,2023-09-20
2023-09-20 22:20:00,3083.21,3085.2,3083.21,3083.22,1368,2023-09-20
2023-09-20 22:25:00,3085.33,3085.33,3085.33,3085.33,335,2023-09-20
2023-09-20 22:30:00,3083.6,3083.6,3080.13,3080.13,2278,2023-09-20
2023-09-20 22:35:00,3076.75,3078.95,3076.75,3078.95,2669,2023-09-20
2023-09-20 22:40:00,3074.84,3074.84,3074.28,3074.28,1267,2023-09-20
2023-09-20 22:45:00,3072.83,3075.2323,3069.61,3070.31,5839,2023-09-20
2023-09-20 22:50:00,3070.34,3076.355,3070.34,3071.74,5995,2023-09-20
2023-09-20 22:55:00,3074.185,3074.185,3067.93,3067.93,15002,2023-09-20
2023-09-20 23:00:00,3068.91,3068.91,3068.91,3068.91,1664,2023-09-20
2023-09-21 16:30:00,3041.09,3050.775,3033.75,3033.75,3801,2023-09-21
2023-09-21 16:35:00,3041.29,3050.09,3036.39,3050.09,5067,2023-09-21
2023-09-21 16:40:00,3046.04,3046.04,3034.45,3038.38,3542,2023-09-21
2023-09-21 16:45:00,3033.8898,3033.8898,3033.6,3033.6,2246,2023-09-21
2023-09-21 16:50:00,3031,3035.9,3026.86,3026.86,3456,2023-09-21
2023-09-21 16:55:00,3020,3022.95,3020,3022.95,691,2023-09-21
2023-09-21 17:00:00,3016.21,3016.21,3014.55,3015.54,2155,2023-09-21
2023-09-21 17:05:00,3020.54,3024.4175,3020.54,3023.81,2800,2023-09-21
2023-09-21 17:10:00,3025.78,3030.11,3022.95,3022.95,3455,2023-09-21
2023-09-21 17:15:00,3028,3029.33,3028,3029.33,661,2023-09-21
2023-09-21 17:20:00,3034.62,3035.07,3032.23,3034.2,1662,2023-09-21
2023-09-21 17:25:00,3034.085,3034.085,3026.35,3027.06,2496,2023-09-21
2023-09-21 17:30:00,3028.485,3029.21,3024.54,3024.55,4197,2023-09-21
2023-09-21 17:35:00,3025.215,3028.7,3025.215,3028.7,2181,2023-09-21
2023-09-21 17:40:00,3033.16,3033.16,3025.72,3025.72,1790,2023-09-21
2023-09-21 17:45:00,3024.31,3024.31,3024.31,3024.31,548,2023-09-21
2023-09-21 17:50:00,3028.43,3032.44,3028.43,3032.44,2699,2023-09-21
2023-09-21 17:55:00,3029.06,3029.06,3029.06,3029.06,470,2023-09-21
2023-09-21 18:00:00,3030.34,3030.34,3030.34,3030.34,421,2023-09-21
2023-09-21 18:05:00,3028.84,3028.84,3027.09,3028.775,1441,2023-09-21
2023-09-21 18:10:00,3025.03,3025.03,3023.04,3023.04,1235,2023-09-21
2023-09-21 18:15:00,3021.3,3021.34,3021.26,3021.34,885,2023-09-21
2023-09-21 18:20:00,3022.7,3022.7,3022.7,3022.7,451,2023-09-21
2023-09-21 18:25:00,3021.49,3021.49,3021.49,3021.49,656,2023-09-21
2023-09-21 18:30:00,3023.94,3028.57,3023.94,3028.57,1842,2023-09-21
2023-09-21 18:35:00,3031.125,3031.125,3028.32,3029.4,2307,2023-09-21
2023-09-21 18:45:00,3029.08,3031.78,3029.08,3029.3,2273,2023-09-21
2023-09-21 18:50:00,3029.62,3029.62,3028.45,3028.45,1041,2023-09-21
2023-09-21 18:55:00,3026.48,3028.53,3026.48,3027.275,850,2023-09-21
2023-09-21 19:00:00,3025.91,3026.13,3025.9,3026.13,1927,2023-09-21
2023-09-21 19:05:00,3028.19,3028.19,3026,3026,1482,2023-09-21
2023-09-21 19:20:00,3028.63,3030.1,3026.81,3026.81,3187,2023-09-21
2023-09-21 19:25:00,3030.265,3030.34,3029.45,3029.45,1835,2023-09-21
2023-09-21 19:30:00,3029.52,3029.52,3029.52,3029.52,381,2023-09-21
2023-09-21 19:35:00,3031.635,3033.3975,3027.0823,3027.0823,3130,2023-09-21
2023-09-21 19:40:00,3026.57,3031.49,3026.57,3030,1847,2023-09-21
2023-09-21 19:45:00,3030.36,3032.77,3029.25,3032.77,1006,2023-09-21
2023-09-21 19:50:00,3030.72,3032.81,3025.645,3025.645,6017,2023-09-21
2023-09-21 20:00:00,3023.72,3025.92,3023.72,3025.92,916,2023-09-21
2023-09-21 20:05:00,3027.6,3027.6,3027.6,3027.6,422,2023-09-21
2023-09-21 20:10:00,3028.86,3030.88,3027.81,3027.81,1627,2023-09-21
2023-09-21 20:15:00,3027.91,3036.725,3027.91,3035.56,4940,2023-09-21
2023-09-21 20:20:00,3034.11,3034.11,3029.22,3031.065,1581,2023-09-21
2023-09-21 20:25:00,3033.21,3033.21,3033.21,3033.21,119,2023-09-21
2023-09-21 20:30:00,3033.11,3034.67,3033.11,3034.67,285,2023-09-21
2023-09-21 20:35:00,3035.88,3035.88,3035.88,3035.88,308,2023-09-21
2023-09-21 20:50:00,3037.15,3039,3035.855,3037.145,1818,2023-09-21
2023-09-21 20:55:00,3035.63,3035.63,3035.345,3035.345,1010,2023-09-21
2023-09-21 21:00:00,3035.89,3041.81,3035,3040.605,9475,2023-09-21
2023-09-21 21:05:00,3041.465,3042.095,3041.46,3041.46,1147,2023-09-21
2023-09-21 21:10:00,3038,3042.25,3038,3042.25,2756,2023-09-21
2023-09-21 21:15:00,3041.47,3041.47,3041.3,3041.3,514,2023-09-21
2023-09-21 21:20:00,3038.44,3040.715,3038.44,3040.715,618,2023-09-21
2023-09-21 21:35:00,3040.955,3040.955,3040.51,3040.51,573,2023-09-21
2023-09-21 21:40:00,3041.46,3041.46,3041.46,3041.46,142,2023-09-21
2023-09-21 21:45:00,3038.25,3039.91,3038.22,3039.91,1446,2023-09-21
2023-09-21 21:50:00,3037.775,3038.84,3037.775,3038.84,561,2023-09-21
2023-09-21 21:55:00,3038.005,3038.005,3038.005,3038.005,184,2023-09-21
2023-09-21 22:00:00,3035.705,3039.7,3035.705,3039.7,1758,2023-09-21
2023-09-21 22:05:00,3039,3039,3037.74,3037.75,695,2023-09-21
2023-09-21 22:10:00,3037.49,3037.49,3034.215,3034.63,3596,2023-09-21
2023-09-21 22:15:00,3032.155,3033.83,3032.155,3033.83,1537,2023-09-21
2023-09-21 22:20:00,3031.26,3031.26,3030.11,3030.89,778,2023-09-21
2023-09-21 22:25:00,3029.29,3029.29,3029.29,3029.29,470,2023-09-21
2023-09-21 22:30:00,3029.44,3034.09,3026.7,3026.7,6618,2023-09-21
2023-09-21 22:35:00,3029.71,3030.5,3029.71,3030.5,1451,2023-09-21
2023-09-21 22:40:00,3033.49,3035.58,3031.34,3035.58,3754,2023-09-21
2023-09-21 22:45:00,3033.91,3034.88,3031.7474,3031.7474,3185,2023-09-21
2023-09-21 22:50:00,3031.17,3034.18,3031.17,3034.18,4623,2023-09-21
2023-09-21 22:55:00,3035.41,3038.27,3033.38,3034.72,22317,2023-09-21
2023-09-21 23:00:00,3036.27,3036.27,3028.83,3036.27,3183,2023-09-21
2023-09-21 23:10:00,3036.27,3036.27,3036.27,3036.27,100,2023-09-21
2023-09-22 16:30:00,3045,3048.005,3040,3042.62,5241,2023-09-22
2023-09-22 16:35:00,3038.92,3038.92,3036.87,3036.87,2298,2023-09-22
2023-09-22 16:40:00,3049.1275,3062.4999,3048.4881,3061.12,3153,2023-09-22
2023-09-22 16:45:00,3059.53,3076.885,3059.27,3070.495,4990,2023-09-22
2023-09-22 16:50:00,3070.595,3070.595,3058.42,3064.75,1633,2023-09-22
2023-09-22 16:55:00,3059.14,3070.97,3047.7301,3066.32,3300,2023-09-22
2023-09-22 17:00:00,3066.67,3072.6,3058.19,3071.86,4759,2023-09-22
2023-09-22 17:05:00,3074.1,3091,3074.1,3085.33,3759,2023-09-22
2023-09-22 17:10:00,3084.915,3084.915,3078.85,3081.9,6075,2023-09-22
2023-09-22 17:15:00,3077.1,3087.27,3077.1,3087.27,2236,2023-09-22
2023-09-22 17:20:00,3083.255,3088.15,3072.2901,3084.76,3734,2023-09-22
2023-09-22 17:25:00,3086.5,3089.34,3086.49,3086.96,816,2023-09-22
2023-09-22 17:30:00,3086.595,3096.68,3086.595,3094.875,2121,2023-09-22
2023-09-22 17:35:00,3094.875,3094.875,3081.485,3082.035,6078,2023-09-22
2023-09-22 17:40:00,3085.22,3085.22,3083.225,3083.225,1876,2023-09-22
2023-09-22 17:45:00,3083.685,3084.07,3080,3080,3654,2023-09-22
2023-09-22 17:50:00,3084.335,3084.335,3079.78,3080.47,1076,2023-09-22
2023-09-22 17:55:00,3083.12,3085.34,3083.12,3085.31,2390,2023-09-22
2023-09-22 18:00:00,3083.17,3083.17,3083.04,3083.04,556,2023-09-22
2023-09-22 18:05:00,3083.43,3083.43,3081.5,3081.5,1993,2023-09-22
2023-09-22 18:10:00,3078.91,3082.21,3078.91,3082.21,502,2023-09-22
2023-09-22 18:15:00,3082.645,3084.45,3081.1,3084.45,1879,2023-09-22
2023-09-22 18:20:00,3084.46,3084.46,3080.95,3081.58,2382,2023-09-22
2023-09-22 18:25:00,3080.705,3084.16,3080.705,3083.12,2108,2023-09-22
2023-09-22 18:30:00,3083.12,3083.12,3081.855,3083.12,863,2023-09-22
2023-09-22 18:35:00,3080.91,3080.91,3078.71,3078.71,824,2023-09-22
2023-09-22 18:40:00,3076.57,3076.94,3074.925,3075.57,2453,2023-09-22
2023-09-22 18:50:00,3080.06,3080.06,3080.06,3080.06,181,2023-09-22
2023-09-22 18:55:00,3077.53,3077.53,3075.13,3077.44,2306,2023-09-22
2023-09-22 19:00:00,3075.8875,3077.15,3075.415,3077.15,1531,2023-09-22
2023-09-22 19:10:00,3077.1,3077.1,3077.1,3077.1,298,2023-09-22
2023-09-22 19:15:00,3078.86,3079.99,3078.86,3079.99,1551,2023-09-22
2023-09-22 19:20:00,3083.12,3083.7,3083.12,3083.12,2545,2023-09-22
2023-09-22 19:25:00,3081.74,3082.45,3079.525,3081.975,1385,2023-09-22
2023-09-22 19:30:00,3082.03,3086.02,3082.03,3086.02,1923,2023-09-22
2023-09-22 19:35:00,3086.02,3086.02,3082.93,3082.93,783,2023-09-22
2023-09-22 19:40:00,3086.47,3091,3086.47,3091,1781,2023-09-22
2023-09-22 19:45:00,3090.65,3090.65,3089.12,3089.12,1008,2023-09-22
2023-09-22 19:50:00,3090.555,3090.555,3090.555,3090.555,159,2023-09-22
2023-09-22 19:55:00,3091,3091.59,3091,3091.59,417,2023-09-22
2023-09-22 20:00:00,3088.1708,3089,3088.1708,3089,381,2023-09-22
2023-09-22 20:10:00,3084.06,3084.06,3084.06,3084.06,351,2023-09-22
2023-09-22 20:15:00,3080.13,3080.13,3080.13,3080.13,183,2023-09-22
2023-09-22 20:20:00,3081.06,3081.06,3081.06,3081.06,122,2023-09-22
2023-09-22 20:25:00,3077.17,3077.17,3077.17,3077.17,568,2023-09-22
2023-09-22 20:30:00,3073.61,3073.7,3071.215,3071.215,1200,2023-09-22
2023-09-22 20:40:00,3059.405,3059.48,3059.405,3059.48,606,2023-09-22
2023-09-22 20:45:00,3058.98,3058.98,3055.9403,3055.9403,497,2023-09-22
2023-09-22 20:50:00,3057.6613,3062.66,3057.6613,3060.145,3328,2023-09-22
2023-09-22 21:00:00,3057.01,3057.01,3057.01,3057.01,603,2023-09-22
2023-09-22 21:05:00,3053.7201,3053.7201,3053.7201,3053.7201,186,2023-09-22
2023-09-22 21:10:00,3053.75,3053.75,3050.15,3050.15,516,2023-09-22
2023-09-22 21:15:00,3053.805,3053.805,3053.805,3053.805,308,2023-09-22
2023-09-22 21:20:00,3057.58,3060.03,3056.87,3060.03,3246,2023-09-22
2023-09-22 21:25:00,3058,3061.48,3058,3061.325,1789,2023-09-22
2023-09-22 21:30:00,3057.44,3063.725,3057.25,3063.725,3633,2023-09-22
2023-09-22 21:35:00,3066.46,3066.46,3065.54,3065.54,475,2023-09-22
2023-09-22 21:45:00,3059.34,3063.2,3059.34,3063.2,734,2023-09-22
2023-09-22 21:50:00,3064.45,3065.69,3063.11,3064.23,1198,2023-09-22
2023-09-22 21:55:00,3065.145,3067.38,3065.145,3066.91,2325,2023-09-22
2023-09-22 22:00:00,3068.6,3077.07,3068.6,3075.275,3051,2023-09-22
2023-09-22 22:05:00,3079.12,3079.12,3077.07,3077.07,598,2023-09-22
2023-09-22 22:10:00,3084.62,3085.86,3083.51,3083.51,1389,2023-09-22
2023-09-22 22:15:00,3084.48,3084.48,3082.88,3082.88,1513,2023-09-22
2023-09-22 22:20:00,3082.77,3085.13,3082.77,3085.13,1234,2023-09-22
2023-09-22 22:25:00,3081.37,3082.62,3080.52,3080.52,1158,2023-09-22
2023-09-22 22:30:00,3078.92,3078.92,3078.92,3078.92,1274,2023-09-22
2023-09-22 22:35:00,3079.32,3081.23,3078.53,3080.93,2718,2023-09-22
2023-09-22 22:40:00,3078.44,3078.44,3073.95,3075.34,3002,2023-09-22
2023-09-22 22:45:00,3075.61,3075.63,3067.12,3067.12,5982,2023-09-22
2023-09-22 22:50:00,3064.67,3065.82,3062.18,3065.04,6475,2023-09-22
2023-09-22 22:55:00,3065.22,3068.27,3062.3,3063.885,20416,2023-09-22
2023-09-22 23:00:00,3062.54,3062.54,3062.54,3062.54,1991,2023-09-22
2023-09-22 23:45:00,3062,3062,3062,3062,300,2023-09-22
2023-09-23 00:00:00,3062,3062,3062,3062,100,2023-09-22
